"OBJECTID","ID_0","ISO","NAME_0","ID_1","NAME_1","ID_2","NAME_2","HASC_2","CCN_2","CCA_2","TYPE_2","ENGTYPE_2","NL_NAME_2","VARNAME_2"
1,213,"KOR","South Korea",1,"Busan",1,"Buk","",NA,"","Gu","District","<U+BD81><U+AD6C>| <U+5317><U+5340>",""
2,213,"KOR","South Korea",1,"Busan",2,"Busanjin","",NA,"","Gu","District","<U+BD80><U+C0B0><U+C9C4><U+AD6C>| <U+91DC><U+5C71><U+93AD><U+5340>",""
3,213,"KOR","South Korea",1,"Busan",3,"Dong","",NA,"","Gu","District","<U+B3D9><U+AD6C>| <U+6771><U+5340>",""
4,213,"KOR","South Korea",1,"Busan",4,"Dongnae","",NA,"","Gu","District","<U+B3D9><U+B798><U+AD6C>| <U+6771><U+840A><U+5340>",""
5,213,"KOR","South Korea",1,"Busan",5,"Gangseo","",NA,"","Gu","District","<U+AC15><U+C11C><U+AD6C>| <U+6C5F><U+897F><U+5340>",""
6,213,"KOR","South Korea",1,"Busan",6,"Geumjeong","",NA,"","Gu","District","<U+AE08><U+C815><U+AD6C>| <U+91D1><U+4E95><U+5340>",""
7,213,"KOR","South Korea",1,"Busan",7,"Gijang","",NA,"","Gun","County","<U+AE30><U+C7A5><U+AD70>| <U+6A5F><U+5F35><U+90E1>",""
8,213,"KOR","South Korea",1,"Busan",8,"Haeundae","",NA,"","Gu","District","<U+D574><U+C6B4><U+B300><U+AD6C>| <U+6D77><U+96F2><U+81FA><U+5340>",""
9,213,"KOR","South Korea",1,"Busan",9,"Nam","",NA,"","Gu","District","<U+B0A8><U+AD6C>| <U+5357><U+5340>",""
10,213,"KOR","South Korea",1,"Busan",10,"Saha","",NA,"","Gu","District","<U+C0AC><U+D558><U+AD6C>| <U+6C99><U+4E0B><U+5340>",""
11,213,"KOR","South Korea",1,"Busan",11,"Sasang","",NA,"","Gu","District","<U+C0AC><U+C0C1><U+AD6C>| <U+6C99><U+4E0A><U+5340>",""
12,213,"KOR","South Korea",1,"Busan",12,"Seo","",NA,"","Gu","District","<U+C11C><U+AD6C>| <U+897F><U+5340>",""
13,213,"KOR","South Korea",1,"Busan",13,"Suyeong","",NA,"","Gu","District","<U+C218><U+C601><U+AD6C>| <U+6C34><U+71DF><U+5340>",""
14,213,"KOR","South Korea",1,"Busan",14,"Yeongdo","",NA,"","Gu","District","<U+C601><U+B3C4><U+AD6C>| <U+5F71><U+5CF6><U+5340>",""
15,213,"KOR","South Korea",1,"Busan",15,"Yeonje","",NA,"","Gu","District","<U+C5F0><U+C81C><U+AD6C>| <U+84EE><U+5824><U+5340>",""
16,213,"KOR","South Korea",2,"Chungcheongbuk-do",16,"Boeun","",NA,"","Gun","County","<U+BCF4><U+C740><U+AD70>| <U+5831><U+6069><U+90E1>",""
17,213,"KOR","South Korea",2,"Chungcheongbuk-do",17,"Cheongju","",NA,"","Si","City","<U+CCAD><U+C8FC><U+C2DC>| <U+6DF8><U+5DDE><U+5E02>",""
18,213,"KOR","South Korea",2,"Chungcheongbuk-do",18,"Cheongwon","",NA,"","Gun","County","<U+CCAD><U+C6D0><U+AD70>| <U+6DF8><U+539F><U+90E1>",""
19,213,"KOR","South Korea",2,"Chungcheongbuk-do",19,"Chungju","",NA,"","Si","City","<U+CDA9><U+C8FC><U+C2DC>| <U+5FE0><U+5DDE><U+5E02>",""
20,213,"KOR","South Korea",2,"Chungcheongbuk-do",20,"Danyang","",NA,"","Gun","County","<U+B2E8><U+C591><U+AD70>| <U+4E39><U+967D><U+90E1>",""
21,213,"KOR","South Korea",2,"Chungcheongbuk-do",21,"Eumseong","",NA,"","Gun","County","<U+C74C><U+C131><U+AD70>| <U+9670><U+57CE><U+90E1>",""
22,213,"KOR","South Korea",2,"Chungcheongbuk-do",22,"Goesan","",NA,"","Gun","County","<U+AD34><U+C0B0><U+AD70>| <U+69D0><U+5C71><U+90E1>",""
23,213,"KOR","South Korea",2,"Chungcheongbuk-do",23,"Jecheon","",NA,"","Si","City","<U+C81C><U+CC9C><U+C2DC>| <U+5824><U+5DDD><U+5E02>",""
24,213,"KOR","South Korea",2,"Chungcheongbuk-do",24,"Jeungpyeong","",NA,"","Gun","County","<U+C99D><U+D3C9><U+AD70>| <U+66FE><U+576A><U+90E1>",""
25,213,"KOR","South Korea",2,"Chungcheongbuk-do",25,"Jincheon","",NA,"","Gun","County","<U+C9C4><U+CC9C><U+AD70>| <U+93AD><U+5DDD><U+90E1>",""
26,213,"KOR","South Korea",2,"Chungcheongbuk-do",26,"Okcheon","",NA,"","Gun","County","<U+C625><U+CC9C><U+AD70>| <U+6C83><U+5DDD><U+90E1>",""
27,213,"KOR","South Korea",2,"Chungcheongbuk-do",27,"Yeongdong","",NA,"","Gun","County","<U+C601><U+B3D9><U+AD70>| <U+6C38><U+540C><U+90E1>",""
28,213,"KOR","South Korea",3,"Chungcheongnam-do",28,"Asan","",NA,"","Si","City","<U+C544><U+C0B0><U+C2DC>| <U+7259><U+5C71><U+5E02>",""
29,213,"KOR","South Korea",3,"Chungcheongnam-do",29,"Boryeong","",NA,"","Si","City","<U+BCF4><U+B839><U+C2DC>| <U+4FDD><U+5BE7><U+5E02>",""
30,213,"KOR","South Korea",3,"Chungcheongnam-do",30,"Buyeo","",NA,"","Gun","County","<U+BD80><U+C5EC><U+AD70>| <U+6276><U+9918><U+90E1>",""
31,213,"KOR","South Korea",3,"Chungcheongnam-do",31,"Cheonan","",NA,"","Si","City","<U+CC9C><U+C548><U+C2DC>| <U+5929><U+5B89><U+5E02>",""
32,213,"KOR","South Korea",3,"Chungcheongnam-do",32,"Cheongyang","",NA,"","Gun","County","<U+CCAD><U+C591><U+AD70>| <U+9752><U+967D><U+90E1>",""
33,213,"KOR","South Korea",3,"Chungcheongnam-do",33,"Dangjin","",NA,"","Gun","County","<U+B2F9><U+C9C4><U+AD70>| <U+5510><U+6D25><U+90E1>",""
34,213,"KOR","South Korea",3,"Chungcheongnam-do",34,"Geumsan","",NA,"","Gun","County","<U+AE08><U+C0B0><U+AD70>| <U+9326><U+5C71><U+90E1>",""
35,213,"KOR","South Korea",3,"Chungcheongnam-do",35,"Gongju","",NA,"","Si","City","<U+ACF5><U+C8FC><U+C2DC>| <U+516C><U+5DDE><U+5E02>",""
36,213,"KOR","South Korea",3,"Chungcheongnam-do",36,"Gyeryong","",NA,"","Si","City","<U+ACC4><U+B8E1><U+C2DC>| <U+9DC4><U+9F8D><U+5E02>",""
37,213,"KOR","South Korea",3,"Chungcheongnam-do",37,"Hongseong","",NA,"","Gun","County","<U+D64D><U+C131><U+AD70>| <U+6D2A><U+57CE><U+90E1>",""
38,213,"KOR","South Korea",3,"Chungcheongnam-do",38,"Nonsan","",NA,"","Si","City","<U+B17C><U+C0B0><U+C2DC>| <U+8AD6><U+5C71><U+5E02>",""
39,213,"KOR","South Korea",3,"Chungcheongnam-do",39,"Seocheon","",NA,"","Gun","County","<U+C11C><U+CC9C><U+AD70>| <U+8212><U+5DDD><U+90E1>",""
40,213,"KOR","South Korea",3,"Chungcheongnam-do",40,"Seosan","",NA,"","Si","City","<U+C11C><U+C0B0><U+C2DC>| <U+745E><U+5C71><U+5E02>",""
41,213,"KOR","South Korea",3,"Chungcheongnam-do",41,"Taean","",NA,"","Gun","County","<U+D0DC><U+C548><U+AD70>| <U+6CF0><U+5B89><U+90E1>",""
42,213,"KOR","South Korea",3,"Chungcheongnam-do",42,"Yesan","",NA,"","Gun","County","<U+C608><U+C0B0><U+AD70>| <U+79AE><U+5C71><U+90E1>",""
43,213,"KOR","South Korea",4,"Daegu",43,"Buk","",NA,"","Gu","District","<U+BD81><U+AD6C> | <U+5317><U+5340>",""
44,213,"KOR","South Korea",4,"Daegu",44,"Dalseo","",NA,"","Gu","District","<U+B2EC><U+C11C><U+AD6C> | <U+9054><U+897F><U+5340>",""
45,213,"KOR","South Korea",4,"Daegu",45,"Dalseong","",NA,"","Gun","County","<U+B2EC><U+C131><U+AD70> | <U+9054><U+57CE><U+90E1>",""
46,213,"KOR","South Korea",4,"Daegu",46,"Dong","",NA,"","Gu","District","<U+B3D9><U+AD6C> | <U+6771><U+5340>",""
47,213,"KOR","South Korea",4,"Daegu",47,"Jung","",NA,"","Gu","District","<U+C911><U+AD6C>| <U+4E2D><U+5340>",""
48,213,"KOR","South Korea",4,"Daegu",48,"Nam","",NA,"","Gu","District","<U+B0A8><U+AD6C> | <U+5357><U+5340>",""
49,213,"KOR","South Korea",4,"Daegu",49,"Seo","",NA,"","Gu","District","<U+C11C><U+AD6C> | <U+897F><U+5340>",""
50,213,"KOR","South Korea",4,"Daegu",50,"Suseong","",NA,"","Gu","District","<U+C218><U+C131><U+AD6C> |  <U+58FD><U+57CE><U+5340>",""
51,213,"KOR","South Korea",5,"Daejeon",51,"Daedeok","",NA,"","Gu","District","<U+B300><U+B355><U+AD6C>| <U+5927><U+5FB7><U+5340>",""
52,213,"KOR","South Korea",5,"Daejeon",52,"Dong","",NA,"","Gu","District","<U+B3D9><U+AD6C>|<U+6771><U+5340>",""
53,213,"KOR","South Korea",5,"Daejeon",53,"Jung","",NA,"","Gu","District","<U+C911><U+AD6C>| <U+4E2D><U+5340>",""
54,213,"KOR","South Korea",5,"Daejeon",54,"Seo","",NA,"","Gu","District","<U+C11C><U+AD6C>| <U+897F><U+5340>",""
55,213,"KOR","South Korea",5,"Daejeon",55,"Yuseong","",NA,"","Gu","District","<U+C720><U+C131><U+AD6C>| <U+5112><U+57CE><U+5340>",""
56,213,"KOR","South Korea",6,"Gangwon-do",56,"Cheorwon","",NA,"","Gun","County","<U+CCA0><U+C6D0><U+AD70>| <U+9435><U+539F><U+90E1>",""
57,213,"KOR","South Korea",6,"Gangwon-do",57,"Chuncheon","",NA,"","Si","City","<U+CD98><U+CC9C><U+C2DC>| <U+6625><U+5DDD><U+5E02>",""
58,213,"KOR","South Korea",6,"Gangwon-do",58,"Donghae","",NA,"","Si","City","<U+B3D9><U+D574><U+C2DC>| <U+6771><U+6D77><U+5E02>",""
59,213,"KOR","South Korea",6,"Gangwon-do",59,"Gangneung","",NA,"","Si","City","<U+AC15><U+B989><U+C2DC>| <U+6C5F><U+9675><U+5E02>",""
60,213,"KOR","South Korea",6,"Gangwon-do",60,"Goseong","",NA,"","Gun","County","<U+ACE0><U+C131><U+AD70>| <U+9AD8><U+57CE><U+90E1>",""
61,213,"KOR","South Korea",6,"Gangwon-do",61,"Hoengseong","",NA,"","Gun","County","<U+D6A1><U+C131><U+AD70>| <U+6A6B><U+57CE><U+90E1>",""
62,213,"KOR","South Korea",6,"Gangwon-do",62,"Hongcheon","",NA,"","Gun","County","<U+D64D><U+CC9C><U+AD70>| <U+6D2A><U+5DDD><U+90E1>",""
63,213,"KOR","South Korea",6,"Gangwon-do",63,"Hwacheon","",NA,"","Gun","County","<U+D654><U+CC9C><U+AD70>| <U+83EF><U+5DDD><U+90E1>",""
64,213,"KOR","South Korea",6,"Gangwon-do",64,"Inje","",NA,"","Gun","County","<U+C778><U+C81C><U+AD70>| <U+9E9F><U+8E44><U+90E1>",""
65,213,"KOR","South Korea",6,"Gangwon-do",65,"Jeongseon","",NA,"","Gun","County","<U+C815><U+C120><U+AD70>| <U+65CC><U+5584><U+90E1>",""
66,213,"KOR","South Korea",6,"Gangwon-do",66,"Pyeongchang","",NA,"","Gun","County","<U+D3C9><U+CC3D><U+AD70>| <U+5E73><U+660C><U+90E1>",""
67,213,"KOR","South Korea",6,"Gangwon-do",67,"Samcheok","",NA,"","Si","City","<U+C0BC><U+CC99><U+C2DC>| <U+4E09><U+965F><U+5E02>",""
68,213,"KOR","South Korea",6,"Gangwon-do",68,"Sokcho","",NA,"","Si","City","<U+C18D><U+CD08><U+C2DC>| <U+675F><U+8349><U+5E02>",""
69,213,"KOR","South Korea",6,"Gangwon-do",69,"Taebaek","",NA,"","Si","City","<U+D0DC><U+BC31><U+C2DC>| <U+592A><U+767D><U+5E02>",""
70,213,"KOR","South Korea",6,"Gangwon-do",70,"Wonju","",NA,"","Si","City","<U+C6D0><U+C8FC><U+C2DC>| <U+539F><U+5DDE><U+5E02>",""
71,213,"KOR","South Korea",6,"Gangwon-do",71,"Yanggu","",NA,"","Gun","County","<U+C591><U+AD6C><U+AD70>| <U+694A><U+53E3><U+90E1>",""
72,213,"KOR","South Korea",6,"Gangwon-do",72,"Yangyang","",NA,"","Gun","County","<U+C591><U+C591><U+AD70>| <U+8944><U+967D><U+90E1>",""
73,213,"KOR","South Korea",6,"Gangwon-do",73,"Yeongwol","",NA,"","Gun","County","<U+C601><U+C6D4><U+AD70>| <U+5BE7><U+8D8A><U+90E1>",""
74,213,"KOR","South Korea",7,"Gwangju",74,"Buk","",NA,"","Gu","District","<U+BD81><U+AD6C>|<U+5317><U+5340>",""
75,213,"KOR","South Korea",7,"Gwangju",75,"Dong","",NA,"","Gu","District","<U+B3D9><U+AD6C>|<U+6771><U+5340>",""
76,213,"KOR","South Korea",7,"Gwangju",76,"Gwangsan","",NA,"","Gu","District","<U+AD11><U+C0B0><U+AD6C>|<U+5149><U+5C71><U+5340>",""
77,213,"KOR","South Korea",8,"Gyeonggi-do",77,"Ansan","",NA,"","Si","City","<U+C548><U+C0B0><U+C2DC>| <U+5B89><U+5C71><U+5E02>",""
78,213,"KOR","South Korea",8,"Gyeonggi-do",78,"Ansoeng","",NA,"","Si","City","<U+C548><U+C131><U+C2DC>| <U+5B89><U+57CE><U+5E02>",""
79,213,"KOR","South Korea",8,"Gyeonggi-do",79,"Anyang","",NA,"","Si","City","<U+C548><U+C591><U+C2DC>| <U+5B89><U+990A><U+5E02>",""
80,213,"KOR","South Korea",8,"Gyeonggi-do",80,"Bucheon","",NA,"","Si","City","<U+BD80><U+CC9C><U+C2DC>| <U+5BCC><U+5DDD><U+5E02>",""
81,213,"KOR","South Korea",8,"Gyeonggi-do",81,"Dongducheon","",NA,"","Si","City","<U+B3D9><U+B450><U+CC9C><U+C2DC>| <U+6771><U+8C46><U+5DDD><U+5E02>",""
82,213,"KOR","South Korea",8,"Gyeonggi-do",82,"Gapyeong","",NA,"","Gun","County","<U+AC00><U+D3C9><U+AD70>| <U+52A0><U+5E73><U+90E1>",""
83,213,"KOR","South Korea",8,"Gyeonggi-do",83,"Gimpo","",NA,"","Si","City","<U+AE40><U+D3EC><U+C2DC>| <U+91D1><U+6D66><U+5E02>",""
84,213,"KOR","South Korea",8,"Gyeonggi-do",84,"Goyang","",NA,"","Si","City","<U+ACE0><U+C591><U+C2DC>| <U+9AD8><U+967D><U+5E02>",""
85,213,"KOR","South Korea",8,"Gyeonggi-do",85,"Gunpo","",NA,"","Si","City","<U+AD70><U+D3EC><U+C2DC>| <U+8ECD><U+6D66><U+5E02>",""
86,213,"KOR","South Korea",8,"Gyeonggi-do",86,"Guri","",NA,"","Si","City","<U+AD6C><U+B9AC><U+C2DC>| <U+4E5D><U+91CC><U+5E02>",""
87,213,"KOR","South Korea",8,"Gyeonggi-do",87,"Gwacheon","",NA,"","Si","City","<U+ACFC><U+CC9C><U+C2DC>| <U+679C><U+5DDD><U+5E02>",""
88,213,"KOR","South Korea",8,"Gyeonggi-do",88,"Gwangju","",NA,"","Si","City","<U+AD11><U+C8FC><U+C2DC>| <U+5EE3><U+5DDE><U+5E02>",""
89,213,"KOR","South Korea",8,"Gyeonggi-do",89,"Gwangmyeong","",NA,"","Si","City","<U+AD11><U+BA85><U+C2DC>| <U+5149><U+660E><U+5E02>",""
90,213,"KOR","South Korea",8,"Gyeonggi-do",90,"Hanam","",NA,"","Si","City","<U+D558><U+B0A8><U+C2DC>| <U+6CB3><U+5357><U+5E02>",""
91,213,"KOR","South Korea",8,"Gyeonggi-do",91,"Hwaseong","",NA,"","Si","City","<U+D654><U+C131><U+C2DC>| <U+83EF><U+57CE><U+5E02>",""
92,213,"KOR","South Korea",8,"Gyeonggi-do",92,"Icheon","",NA,"","Si","City","<U+C774><U+CC9C><U+C2DC>| <U+5229><U+5DDD><U+5E02>",""
93,213,"KOR","South Korea",8,"Gyeonggi-do",93,"Namyangju","",NA,"","Si","City","<U+B0A8><U+C591><U+C8FC><U+C2DC>| <U+5357><U+694A><U+5DDE><U+5E02>",""
94,213,"KOR","South Korea",8,"Gyeonggi-do",94,"Osan","",NA,"","Si","City","<U+C624><U+C0B0><U+C2DC>| <U+70CF><U+5C71><U+5E02>",""
95,213,"KOR","South Korea",8,"Gyeonggi-do",95,"Paju","",NA,"","Si","City","<U+D30C><U+C8FC><U+C2DC>| <U+5761><U+5DDE><U+5E02>",""
96,213,"KOR","South Korea",8,"Gyeonggi-do",96,"Pocheon","",NA,"","Si","City","<U+D3EC><U+CC9C><U+C2DC>| <U+62B1><U+5DDD><U+5E02>",""
97,213,"KOR","South Korea",8,"Gyeonggi-do",97,"Pyeongtaek","",NA,"","Si","City","<U+D3C9><U+D0DD><U+C2DC>| <U+5E73><U+6FA4><U+5E02>",""
98,213,"KOR","South Korea",8,"Gyeonggi-do",98,"Seongnam","",NA,"","Si","City","<U+C131><U+B0A8><U+C2DC>| <U+57CE><U+5357><U+5E02>",""
99,213,"KOR","South Korea",8,"Gyeonggi-do",99,"Siheung","",NA,"","Si","City","<U+C2DC><U+D765><U+C2DC>| <U+59CB><U+8208><U+5E02>",""
100,213,"KOR","South Korea",8,"Gyeonggi-do",100,"Suwon","",NA,"","Si","City","<U+C218><U+C6D0><U+C2DC>| <U+6C34><U+539F><U+5E02>",""
101,213,"KOR","South Korea",8,"Gyeonggi-do",101,"Uijeongbu","",NA,"","Si","City","<U+C758><U+C815><U+BD80><U+C2DC>| <U+8B70><U+653F><U+5E9C><U+5E02>",""
102,213,"KOR","South Korea",8,"Gyeonggi-do",102,"Uiwang","",NA,"","Si","City","<U+C758><U+C655><U+C2DC>| <U+5100><U+65FA><U+5E02>",""
103,213,"KOR","South Korea",8,"Gyeonggi-do",103,"Yangju","",NA,"","Si","City","<U+C591><U+C8FC><U+C2DC>| <U+694A><U+5DDE><U+5E02>",""
104,213,"KOR","South Korea",8,"Gyeonggi-do",104,"Yangpyeong","",NA,"","Gun","County","<U+C591><U+D3C9><U+AD70>| <U+63DA><U+5E73><U+90E1>",""
105,213,"KOR","South Korea",8,"Gyeonggi-do",105,"Yeoju","",NA,"","Gun","County","<U+C5EC><U+C8FC><U+AD70>| <U+9A6A><U+5DDE><U+90E1>",""
106,213,"KOR","South Korea",8,"Gyeonggi-do",106,"Yeoncheon","",NA,"","Gun","County","<U+C5F0><U+CC9C><U+AD70>| <U+6F23><U+5DDD><U+90E1>",""
107,213,"KOR","South Korea",8,"Gyeonggi-do",107,"Yongin","",NA,"","Si","City","<U+C6A9><U+C778><U+C2DC>| <U+9F8D><U+4EC1><U+5E02>",""
108,213,"KOR","South Korea",9,"Gyeongsangbuk-do",108,"Andong","",NA,"","Si","City","<U+C548><U+B3D9><U+C2DC>| <U+5B89><U+6771><U+5E02>",""
109,213,"KOR","South Korea",9,"Gyeongsangbuk-do",109,"Bonghwa","",NA,"","Gun","County","<U+BD09><U+D654><U+AD70>| <U+5949><U+5316><U+90E1>",""
110,213,"KOR","South Korea",9,"Gyeongsangbuk-do",110,"Cheongdo","",NA,"","Gun","County","<U+CCAD><U+B3C4><U+AD70>| <U+6DF8><U+9053><U+90E1>",""
111,213,"KOR","South Korea",9,"Gyeongsangbuk-do",111,"Cheongsong","",NA,"","Gun","County","<U+CCAD><U+C1A1><U+AD70>| <U+9751><U+677E><U+90E1>",""
112,213,"KOR","South Korea",9,"Gyeongsangbuk-do",112,"Chilgok","",NA,"","Gun","County","<U+CE60><U+ACE1><U+AD70>| <U+6F06><U+8C37><U+90E1>",""
113,213,"KOR","South Korea",9,"Gyeongsangbuk-do",113,"Gimcheon","",NA,"","Si","City","<U+AE40><U+CC9C><U+C2DC>| <U+91D1><U+6CC9><U+5E02>",""
114,213,"KOR","South Korea",9,"Gyeongsangbuk-do",114,"Goryeong","",NA,"","Gun","County","<U+ACE0><U+B839><U+AD70>| <U+9AD8><U+9748><U+90E1>",""
115,213,"KOR","South Korea",9,"Gyeongsangbuk-do",115,"Gumi","",NA,"","Si","City","<U+AD6C><U+BBF8><U+C2DC>| <U+9F9C><U+5C3E><U+5E02>",""
116,213,"KOR","South Korea",9,"Gyeongsangbuk-do",116,"Gunwi","",NA,"","Gun","County","<U+AD70><U+C704><U+AD70>|<U+8ECD><U+5A01><U+90E1>",""
117,213,"KOR","South Korea",9,"Gyeongsangbuk-do",117,"Gyeongju","",NA,"","Si","City","<U+ACBD><U+C8FC><U+C2DC>| <U+6176><U+5DDE><U+5E02>",""
118,213,"KOR","South Korea",9,"Gyeongsangbuk-do",118,"Gyeongsan","",NA,"","Si","City","<U+ACBD><U+C0B0><U+C2DC>| <U+6176><U+5C71><U+5E02>",""
119,213,"KOR","South Korea",9,"Gyeongsangbuk-do",119,"Mungyeong","",NA,"","Si","City","<U+BB38><U+ACBD><U+C2DC>|<U+805E><U+6176><U+5E02>",""
120,213,"KOR","South Korea",9,"Gyeongsangbuk-do",120,"Pohang","",NA,"","Si","City","<U+D3EC><U+D56D><U+C2DC>| <U+6D66><U+9805><U+5E02>",""
121,213,"KOR","South Korea",9,"Gyeongsangbuk-do",121,"Sangju","",NA,"","Si","City","<U+C0C1><U+C8FC><U+C2DC>| <U+5C19><U+5DDE><U+5E02>",""
122,213,"KOR","South Korea",9,"Gyeongsangbuk-do",122,"Seongju","",NA,"","Gun","County","<U+C131><U+C8FC><U+AD70>| <U+661F><U+5DDE><U+90E1>",""
123,213,"KOR","South Korea",9,"Gyeongsangbuk-do",123,"Uiseong","",NA,"","Gun","County","<U+C758><U+C131><U+AD70>| <U+7FA9><U+57CE><U+90E1>",""
124,213,"KOR","South Korea",9,"Gyeongsangbuk-do",124,"Uljin","",NA,"","Gun","County","<U+C6B8><U+C9C4><U+AD70>| <U+851A><U+73CD><U+90E1>",""
125,213,"KOR","South Korea",9,"Gyeongsangbuk-do",125,"Ulleung","",NA,"","Gun","County","<U+C6B8><U+B989><U+AD70>| <U+9B31><U+9675><U+90E1>","Ulleung-gun"
126,213,"KOR","South Korea",9,"Gyeongsangbuk-do",126,"Yecheon","",NA,"","Gun","County","<U+C608><U+CC9C><U+AD70>| <U+91B4><U+6CC9><U+90E1>",""
127,213,"KOR","South Korea",9,"Gyeongsangbuk-do",127,"Yeongcheon","",NA,"","Si","City","<U+C608><U+CC9C><U+AD70>| <U+91B4><U+6CC9><U+90E1>",""
128,213,"KOR","South Korea",9,"Gyeongsangbuk-do",128,"Yeongdeok","",NA,"","Gun","County","<U+C601><U+B355><U+AD70>| <U+76C8><U+5FB7><U+90E1>",""
129,213,"KOR","South Korea",9,"Gyeongsangbuk-do",129,"Yeongju","",NA,"","Si","City","<U+C601><U+C8FC><U+C2DC>| <U+69AE><U+5DDE><U+5E02>",""
130,213,"KOR","South Korea",9,"Gyeongsangbuk-do",130,"Yeongyang","",NA,"","Gun","County","<U+C601><U+C591><U+AD70>| <U+82F1><U+967D><U+90E1>",""
131,213,"KOR","South Korea",10,"Gyeongsangnam-do",131,"Changnyeong","",NA,"","Gun","County","<U+CC3D><U+B155><U+AD70>| <U+660C><U+5BE7><U+90E1>",""
132,213,"KOR","South Korea",10,"Gyeongsangnam-do",132,"Changwon","",NA,"","Si","City","<U+CC3D><U+C6D0><U+C2DC>| <U+660C><U+539F><U+5E02>",""
133,213,"KOR","South Korea",10,"Gyeongsangnam-do",133,"Geochang","",NA,"","Gun","County","<U+AC70><U+CC3D><U+AD70>| <U+5C45><U+660C><U+90E1>",""
134,213,"KOR","South Korea",10,"Gyeongsangnam-do",134,"Geoje","",NA,"","Si","City","<U+AC70><U+C81C><U+C2DC>| <U+5DE8><U+6FDF><U+5E02>",""
135,213,"KOR","South Korea",10,"Gyeongsangnam-do",135,"Gimhae","",NA,"","Si","City","<U+AE40><U+D574><U+C2DC>| <U+91D1><U+6D77><U+5E02>",""
136,213,"KOR","South Korea",10,"Gyeongsangnam-do",136,"Goseong","",NA,"","Gun","County","<U+ACE0><U+C131><U+AD70>| <U+56FA><U+57CE><U+90E1>",""
137,213,"KOR","South Korea",10,"Gyeongsangnam-do",137,"Hadong","",NA,"","Gun","County","<U+D558><U+B3D9><U+AD70>| <U+6CB3><U+6771><U+90E1>",""
138,213,"KOR","South Korea",10,"Gyeongsangnam-do",138,"Haman","",NA,"","Gun","County","<U+D568><U+C548><U+AD70>| <U+54B8><U+5B89><U+90E1>",""
139,213,"KOR","South Korea",10,"Gyeongsangnam-do",139,"Hamyang","",NA,"","Gun","County","<U+D568><U+C591><U+AD70>| <U+54B8><U+967D><U+90E1>",""
140,213,"KOR","South Korea",10,"Gyeongsangnam-do",140,"Hapcheon","",NA,"","Gun","County","<U+D569><U+CC9C><U+AD70>| <U+965C><U+5DDD><U+90E1>",""
141,213,"KOR","South Korea",10,"Gyeongsangnam-do",141,"Jinhae","",NA,"","Si","City","<U+C9C4><U+D574><U+C2DC>| <U+93AD><U+6D77><U+5E02>",""
142,213,"KOR","South Korea",10,"Gyeongsangnam-do",142,"Jinju","",NA,"","Si","City","<U+C9C4><U+C8FC><U+C2DC>| <U+664B><U+5DDE><U+5E02>",""
143,213,"KOR","South Korea",10,"Gyeongsangnam-do",143,"Masan","",NA,"","Si","City","<U+B9C8><U+C0B0><U+C2DC>| <U+99AC><U+5C71><U+5E02>",""
144,213,"KOR","South Korea",10,"Gyeongsangnam-do",144,"Miryang","",NA,"","Si","City","<U+BC00><U+C591><U+C2DC>| <U+5BC6><U+967D><U+5E02>",""
145,213,"KOR","South Korea",10,"Gyeongsangnam-do",145,"Namhae","",NA,"","Gun","County","<U+B0A8><U+D574><U+AD70>| <U+5357><U+6D77><U+90E1>",""
146,213,"KOR","South Korea",10,"Gyeongsangnam-do",146,"Sacheon","",NA,"","Si","City","<U+C0AC><U+CC9C><U+C2DC>| <U+6CD7><U+5DDD><U+5E02>",""
147,213,"KOR","South Korea",10,"Gyeongsangnam-do",147,"Sancheong","",NA,"","Gun","County","<U+C0B0><U+CCAD><U+AD70>| <U+5C71><U+6DF8><U+90E1>",""
148,213,"KOR","South Korea",10,"Gyeongsangnam-do",148,"Tongyeong","",NA,"","Si","City","<U+D1B5><U+C601><U+C2DC>| <U+7D71><U+71DF><U+5E02>",""
149,213,"KOR","South Korea",10,"Gyeongsangnam-do",149,"Uiryeong","",NA,"","Gun","County","<U+C758><U+B839><U+AD70>| <U+5B9C><U+5BE7><U+90E1>",""
150,213,"KOR","South Korea",10,"Gyeongsangnam-do",150,"Yangsan","",NA,"","Si","City","<U+C591><U+C0B0><U+C2DC>| <U+6881><U+5C71><U+5E02>",""
151,213,"KOR","South Korea",11,"Incheon",151,"Bupyeong","",NA,"","Gu","District","<U+BD80><U+D3C9><U+AD6C>| <U+5BCC><U+5E73><U+5340>",""
152,213,"KOR","South Korea",11,"Incheon",152,"Dong","",NA,"","Gu","District","<U+B3D9><U+AD6C>|<U+6771><U+5340>",""
153,213,"KOR","South Korea",11,"Incheon",153,"Ganghwa","",NA,"","Gun","County","<U+AC15><U+D654><U+AD70>| <U+6C5F><U+83EF><U+90E1>",""
154,213,"KOR","South Korea",11,"Incheon",154,"Gyeyang","",NA,"","Gu","District","<U+ACC4><U+C591><U+AD6C>| <U+6842><U+967D><U+5340>",""
155,213,"KOR","South Korea",11,"Incheon",155,"Jung","",NA,"","Gu","District","<U+C911><U+AD6C>| <U+4E2D><U+5340>",""
156,213,"KOR","South Korea",11,"Incheon",156,"Namdong","",NA,"","Gu","District","<U+B0A8><U+B3D9><U+AD6C>| <U+5357><U+6D1E><U+5340>",""
157,213,"KOR","South Korea",11,"Incheon",157,"Nam","",NA,"","Gu","District","<U+B0A8><U+AD6C>| <U+5357><U+5340>",""
158,213,"KOR","South Korea",11,"Incheon",158,"Ongjin","",NA,"","Gun","County","<U+C639><U+C9C4><U+AD70>| <U+7515><U+6D25><U+90E1>",""
159,213,"KOR","South Korea",11,"Incheon",159,"Seo","",NA,"","Gu","District","<U+C11C><U+AD6C>| <U+897F><U+5340>",""
160,213,"KOR","South Korea",11,"Incheon",160,"Yeonsu","",NA,"","Gu","District","<U+C5F0><U+C218><U+AD6C>| <U+5EF6><U+58FD><U+5340>",""
161,213,"KOR","South Korea",12,"Jeju",161,"Jeju","",NA,"","Si","City","<U+C81C><U+C8FC><U+C2DC> | <U+6FDF><U+5DDE><U+5E02>",""
162,213,"KOR","South Korea",12,"Jeju",162,"Seogwipo","",NA,"","Si","City","<U+C11C><U+ADC0><U+D3EC><U+C2DC> | <U+897F><U+6B78><U+6D66><U+5E02>",""
163,213,"KOR","South Korea",13,"Jeollabuk-do",163,"Buan","",NA,"","Gun","County","<U+BD80><U+C548><U+AD70>| <U+6276><U+5B89><U+90E1>",""
164,213,"KOR","South Korea",13,"Jeollabuk-do",164,"Gimje","",NA,"","Si","City","<U+AE40><U+C81C><U+C2DC>| <U+91D1><U+5824><U+5E02>",""
165,213,"KOR","South Korea",13,"Jeollabuk-do",165,"Gochang","",NA,"","Gun","County","<U+ACE0><U+CC3D><U+AD70>| <U+9AD8><U+655E><U+90E1>",""
166,213,"KOR","South Korea",13,"Jeollabuk-do",166,"Gunsan","",NA,"","Si","City","<U+AD70><U+C0B0><U+C2DC>| <U+7FA4><U+5C71><U+5E02>",""
167,213,"KOR","South Korea",13,"Jeollabuk-do",167,"Iksan","",NA,"","Si","City","<U+C775><U+C0B0><U+C2DC>| <U+76CA><U+5C71><U+5E02>",""
168,213,"KOR","South Korea",13,"Jeollabuk-do",168,"Imsil","",NA,"","Gun","County","<U+C784><U+C2E4><U+AD70>| <U+4EFB><U+5BE6><U+90E1>",""
169,213,"KOR","South Korea",13,"Jeollabuk-do",169,"Jangsu","",NA,"","Gun","County","<U+C7A5><U+C218><U+AD70>| <U+9577><U+6C34><U+90E1>",""
170,213,"KOR","South Korea",13,"Jeollabuk-do",170,"Jeongeup","",NA,"","Si","City","<U+C815><U+C74D><U+C2DC>| <U+4E95><U+9091><U+5E02>",""
171,213,"KOR","South Korea",13,"Jeollabuk-do",171,"Jeonju","",NA,"","Si","City","<U+C804><U+C8FC><U+C2DC>| <U+5168><U+5DDE><U+5E02>",""
172,213,"KOR","South Korea",13,"Jeollabuk-do",172,"Jinan","",NA,"","Gun","County","<U+C9C4><U+C548><U+AD70>| <U+93AD><U+5B89><U+90E1>",""
173,213,"KOR","South Korea",13,"Jeollabuk-do",173,"Muju","",NA,"","Gun","County","<U+BB34><U+C8FC><U+AD70>| <U+8302><U+6731><U+90E1>",""
174,213,"KOR","South Korea",13,"Jeollabuk-do",174,"Namwon","",NA,"","Si","City","<U+B0A8><U+C6D0><U+C2DC>| <U+5357><U+539F><U+5E02>",""
175,213,"KOR","South Korea",13,"Jeollabuk-do",175,"Sunchang","",NA,"","Gun","County","<U+C21C><U+CC3D><U+AD70>| <U+6DF3><U+660C><U+90E1>",""
176,213,"KOR","South Korea",13,"Jeollabuk-do",176,"Wanju","",NA,"","Gun","County","<U+C644><U+C8FC><U+AD70>| <U+5B8C><U+5DDE><U+90E1>",""
177,213,"KOR","South Korea",14,"Jeollanam-do",177,"Boseong","",NA,"","Gun","County","<U+BCF4><U+C131><U+AD70>| <U+5BF6><U+57CE><U+90E1>",""
178,213,"KOR","South Korea",14,"Jeollanam-do",178,"Damyang","",NA,"","Gun","County","<U+B2F4><U+C591><U+AD70>| <U+6F6D><U+967D><U+90E1>",""
179,213,"KOR","South Korea",14,"Jeollanam-do",179,"Gangjin","",NA,"","Gun","County","<U+AC15><U+C9C4><U+AD70>| <U+5EB7><U+6D25><U+90E1>",""
180,213,"KOR","South Korea",14,"Jeollanam-do",180,"Goheung","",NA,"","Gun","County","<U+ACE0><U+D765><U+AD70>| <U+9AD8><U+8208><U+90E1>",""
181,213,"KOR","South Korea",14,"Jeollanam-do",181,"Gokseong","",NA,"","Gun","County","<U+ACE1><U+C131><U+AD70>| <U+8C37><U+57CE><U+90E1>",""
182,213,"KOR","South Korea",14,"Jeollanam-do",182,"Gurye","",NA,"","Gun","County","<U+AD6C><U+B840><U+AD70>| <U+6C42><U+79AE><U+90E1>",""
183,213,"KOR","South Korea",14,"Jeollanam-do",183,"Gwangyang","",NA,"","Si","City","<U+AD11><U+C591><U+C2DC>| <U+5149><U+967D><U+5E02>",""
184,213,"KOR","South Korea",14,"Jeollanam-do",184,"Haenam","",NA,"","Gun","County","<U+D574><U+B0A8><U+AD70>| <U+6D77><U+5357><U+90E1>",""
185,213,"KOR","South Korea",14,"Jeollanam-do",185,"Hampyeong","",NA,"","Gun","County","<U+D568><U+D3C9><U+AD70>| <U+54B8><U+5E73><U+90E1>",""
186,213,"KOR","South Korea",14,"Jeollanam-do",186,"Hwasun","",NA,"","Gun","County","<U+D654><U+C21C><U+AD70>| <U+548C><U+9806><U+90E1>",""
187,213,"KOR","South Korea",14,"Jeollanam-do",187,"Jangheung","",NA,"","Gun","County","<U+C7A5><U+D765><U+AD70>| <U+9577><U+8208><U+90E1>",""
188,213,"KOR","South Korea",14,"Jeollanam-do",188,"Jangseong","",NA,"","Gun","County","<U+C7A5><U+C131><U+AD70>| <U+9577><U+57CE><U+90E1>",""
189,213,"KOR","South Korea",14,"Jeollanam-do",189,"Jindo","",NA,"","Gun","County","<U+C9C4><U+B3C4><U+AD70>| <U+73CD><U+5CF6><U+90E1>",""
190,213,"KOR","South Korea",14,"Jeollanam-do",190,"Mokpo","",NA,"","Si","City","<U+BAA9><U+D3EC><U+C2DC>| <U+6728><U+6D66><U+5E02>",""
191,213,"KOR","South Korea",14,"Jeollanam-do",191,"Muan","",NA,"","Gun","County","<U+BB34><U+C548><U+AD70>| <U+52D9><U+5B89><U+90E1>",""
192,213,"KOR","South Korea",14,"Jeollanam-do",192,"Naju","",NA,"","Si","City","<U+B098><U+C8FC><U+C2DC>| <U+7F85><U+5DDE><U+5E02>",""
193,213,"KOR","South Korea",14,"Jeollanam-do",193,"Sinan","",NA,"","Gun","County","<U+C2E0><U+C548><U+AD70>| <U+65B0><U+5B89><U+90E1>",""
194,213,"KOR","South Korea",14,"Jeollanam-do",194,"Suncheon","",NA,"","Si","City","<U+C21C><U+CC9C><U+C2DC>| <U+9806><U+5929><U+5E02>",""
195,213,"KOR","South Korea",14,"Jeollanam-do",195,"Wando","",NA,"","Gun","County","<U+C644><U+B3C4><U+AD70>| <U+839E><U+5CF6><U+90E1>",""
196,213,"KOR","South Korea",14,"Jeollanam-do",196,"Yeongam","",NA,"","Gun","County","<U+C601><U+C554><U+AD70>| <U+9748><U+5DD6><U+90E1>",""
197,213,"KOR","South Korea",14,"Jeollanam-do",197,"Yeonggwang","",NA,"","Gun","County","<U+C601><U+AD11><U+AD70>| <U+9748><U+5149><U+90E1>",""
198,213,"KOR","South Korea",14,"Jeollanam-do",198,"Yeosu","",NA,"","Si","City","<U+C5EC><U+C218><U+C2DC>| <U+9E97><U+6C34><U+5E02>",""
199,213,"KOR","South Korea",15,"Sejong",199,"Yeongi","",NA,"","Gun","County","<U+C5F0><U+AE30><U+AD70>| <U+71D5><U+5C90><U+90E1>",""
200,213,"KOR","South Korea",16,"Seoul",200,"Dobong","",NA,"","Gu","District","<U+B3C4><U+BD09><U+AD6C>| <U+9053><U+5CF0><U+5340>",""
201,213,"KOR","South Korea",16,"Seoul",201,"Dong-daemun","",NA,"","Gu","District","<U+B3D9><U+B300><U+BB38><U+AD6C>| <U+6771><U+5927><U+9580><U+5340>",""
202,213,"KOR","South Korea",16,"Seoul",202,"Dongjak","",NA,"","Gu","District","<U+B3D9><U+C791><U+AD6C>| <U+9285><U+96C0><U+5340>",""
203,213,"KOR","South Korea",16,"Seoul",203,"Eun-pyeong","",NA,"","Gu","District","<U+C740><U+D3C9><U+AD6C>| <U+6069><U+5E73><U+5340>",""
204,213,"KOR","South Korea",16,"Seoul",204,"Gandong","",NA,"","Gu","District","<U+AC15><U+B3D9><U+AD6C>| <U+6C5F><U+6771><U+5340>",""
205,213,"KOR","South Korea",16,"Seoul",205,"Gangbuk","",NA,"","Gu","District","<U+AC15><U+BD81><U+AD6C>| <U+6C5F><U+5317><U+5340>",""
206,213,"KOR","South Korea",16,"Seoul",206,"Gangnam","",NA,"","Gu","District","<U+AC15><U+B0A8><U+AD6C>| <U+6C5F><U+5357><U+5340>",""
207,213,"KOR","South Korea",16,"Seoul",207,"Gangseo","",NA,"","Gu","District","<U+AC15><U+C11C><U+AD6C>| <U+6C5F><U+897F><U+5340>",""
208,213,"KOR","South Korea",16,"Seoul",208,"Geum-cheon","",NA,"","Gu","District","<U+AE08><U+CC9C><U+AD6C>| <U+887F><U+5DDD><U+5340>",""
209,213,"KOR","South Korea",16,"Seoul",209,"Guro","",NA,"","Gu","District","<U+AD6C><U+B85C><U+AD6C>| <U+4E5D><U+8001><U+5340>",""
210,213,"KOR","South Korea",16,"Seoul",210,"Gwanak","",NA,"","Gu","District","<U+AD00><U+C545><U+AD6C>| <U+51A0><U+5CB3><U+5340>",""
211,213,"KOR","South Korea",16,"Seoul",211,"Gwang-jin","",NA,"","Gu","District","<U+AD11><U+C9C4><U+AD6C>| <U+5EE3><U+6D25><U+5340>",""
212,213,"KOR","South Korea",16,"Seoul",212,"Jongro","",NA,"","Gu","District","<U+C885><U+B85C><U+AD6C>| <U+937E><U+8DEF><U+5340>",""
213,213,"KOR","South Korea",16,"Seoul",213,"Jung","",NA,"","Gu","District","<U+C911><U+AD6C>| <U+4E2D><U+5340>",""
214,213,"KOR","South Korea",16,"Seoul",214,"Jungnang","",NA,"","Gu","District","<U+C911><U+B791><U+AD6C>| <U+4E2D><U+6D6A><U+5340>",""
215,213,"KOR","South Korea",16,"Seoul",215,"Mapo","",NA,"","Gu","District","<U+B9C8><U+D3EC><U+AD6C>| <U+9EBB><U+6D66><U+5340>",""
216,213,"KOR","South Korea",16,"Seoul",216,"Nowon","",NA,"","Gu","District","<U+B178><U+C6D0><U+AD6C>| <U+8606><U+539F><U+5340>",""
217,213,"KOR","South Korea",16,"Seoul",217,"Seocho","",NA,"","Gu","District","<U+C11C><U+CD08><U+AD6C>| <U+745E><U+8349><U+5340>",""
218,213,"KOR","South Korea",16,"Seoul",218,"Seodaemun","",NA,"","Gu","District","<U+C11C><U+B300><U+BB38><U+AD6C>| <U+897F><U+5927><U+9580><U+5340>",""
219,213,"KOR","South Korea",16,"Seoul",219,"Seongbuk","",NA,"","Gu","District","<U+C131><U+BD81><U+AD6C>| <U+57CE><U+5317><U+5340>",""
220,213,"KOR","South Korea",16,"Seoul",220,"Seongdong","",NA,"","Gu","District","<U+C131><U+B3D9><U+AD6C>| <U+57CE><U+6771><U+5340>",""
221,213,"KOR","South Korea",16,"Seoul",221,"Songpa","",NA,"","Gu","District","<U+C1A1><U+D30C><U+AD6C>| <U+677E><U+5761><U+5340>",""
222,213,"KOR","South Korea",16,"Seoul",222,"Yangcheon","",NA,"","Gu","District","<U+C591><U+CC9C><U+AD6C>| <U+967D><U+5DDD><U+5340>",""
223,213,"KOR","South Korea",16,"Seoul",223,"Yeongdeungpo","",NA,"","Gu","District","<U+C601><U+B4F1><U+D3EC><U+AD6C>| <U+6C38><U+767B><U+6D66><U+5340>",""
224,213,"KOR","South Korea",16,"Seoul",224,"Yongsan","",NA,"","Gu","District","<U+C6A9><U+C0B0><U+AD6C>| <U+9F8D><U+5C71><U+5340>",""
225,213,"KOR","South Korea",17,"Ulsan",225,"Buk","",NA,"","Gu","District","<U+BD81><U+AD6C>| <U+5317><U+5340>",""
226,213,"KOR","South Korea",17,"Ulsan",226,"Dong","",NA,"","Gu","District","<U+B3D9><U+AD6C>| <U+6771><U+5340>",""
227,213,"KOR","South Korea",17,"Ulsan",227,"Jung","",NA,"","Gu","District","<U+C911><U+AD6C>| <U+4E2D><U+5340>",""
228,213,"KOR","South Korea",17,"Ulsan",228,"Nam","",NA,"","Gu","District","<U+B0A8><U+AD6C>| <U+5357><U+5340>",""
229,213,"KOR","South Korea",17,"Ulsan",229,"Ulju","",NA,"","Gun","County","<U+C6B8><U+C8FC><U+AD70>| <U+851A><U+5DDE><U+90E1>",""
